"Name","SizeGB","FullName"
"ai-sage_GigaChat3-10B-A1.8B-Q4_K_S.gguf","0","G:\1\OSINT_deepseek\data\models\ai-sage_GigaChat3-10B-A1.8B-Q4_K_S.gguf"
"bge-m3-q8_0.gguf","0","G:\1\OSINT_deepseek\data\models\bge-m3-q8_0.gguf"
"deepseek-coder-v2-lite-instruct-q4_k_m.gguf","0","G:\1\OSINT_deepseek\data\models\deepseek-coder-v2-lite-instruct-q4_k_m.gguf"
"GigaChat-20B-A3B-instruct-q4_K_M.gguf","0","G:\1\OSINT_deepseek\data\models\GigaChat-20B-A3B-instruct-q4_K_M.gguf"
"GigaChat-20B-A3B-instruct-v1.5-q4_K_M.gguf","0","G:\1\OSINT_deepseek\data\models\GigaChat-20B-A3B-instruct-v1.5-q4_K_M.gguf"
"Qwen2.5-14B-Instruct-1M-Q4_K_M.gguf","8,37","G:\1\OSINT_deepseek\data\models\Qwen2.5-14B-Instruct-1M-Q4_K_M.gguf"
"Ministral-3-14B-Reasoning-2512-Q4_K_M.gguf","7,67","G:\1\Vibe coding\Vibe-coding-router\DZ_18. Integration with external services\models\ministral-14b-reasoning-q4\Ministral-3-14B-Reasoning-2512-Q4_K_M.gguf"
"Ministral-3-3B-Instruct-2512-Q4_K_M.gguf","2","G:\1\Vibe coding\Vibe-coding-router\DZ_18. Integration with external services\models\ministral-3b-instruct-q4\Ministral-3-3B-Instruct-2512-Q4_K_M.gguf"
"Ministral-3-8B-Instruct-2512-Q4_K_M.gguf","4,84","G:\1\Vibe coding\Vibe-coding-router\DZ_18. Integration with external services\models\ministral-8b-instruct-q4\Ministral-3-8B-Instruct-2512-Q4_K_M.gguf"
"stable-diffusion-v1-5-pruned-emaonly-Q8_0.gguf","1,64","G:\1\Прежде\1_izobraznie\AI\models\sd15\base\stable-diffusion-v1-5-pruned-emaonly-Q8_0.gguf"
"stable-diffusion-v1-5-inpainting-Q8_0.gguf","1,75","G:\1\Прежде\1_izobraznie\AI\models\sd15\inpainting\stable-diffusion-v1-5-inpainting-Q8_0.gguf"
"model_q4_k.gguf","0","G:\1\Прежде\KNOWLEDGE_CORE\02_KNOWLEDGE_GRAPH\02_LLM\models\audio\whisper_v3_turbo\model_q4_k.gguf"
"deepseek-coder-v2-lite-instruct-q4_k_m.gguf","0","G:\1\Прежде\KNOWLEDGE_CORE\02_KNOWLEDGE_GRAPH\02_LLM\models\coder_llm\deepseek_coder_v2_lite_q4\deepseek-coder-v2-lite-instruct-q4_k_m.gguf"
"deepseek-coder-v2-lite-instruct-q5_k_m.gguf","0","G:\1\Прежде\KNOWLEDGE_CORE\02_KNOWLEDGE_GRAPH\02_LLM\models\coder_llm\deepseek_coder_v2_lite_q5\deepseek-coder-v2-lite-instruct-q5_k_m.gguf"
"bge-m3-q8_0.gguf","0","G:\1\Прежде\KNOWLEDGE_CORE\02_KNOWLEDGE_GRAPH\02_LLM\models\embeddings\bge-m3\bge-m3-q8_0.gguf"
"Qwen2.5-14B-Instruct-1M-Q4_K_M.gguf","0","G:\1\Прежде\KNOWLEDGE_CORE\02_KNOWLEDGE_GRAPH\02_LLM\models\main_llm\qwen2.5-14b\Qwen2.5-14B-Instruct-1M-Q4_K_M.gguf"
"qwen2.5-coder-14b-instruct-q4_k_m.gguf","0","G:\1\Прежде\KNOWLEDGE_CORE\02_KNOWLEDGE_GRAPH\02_LLM\models\main_llm\qwen2.5-14b-uncensored\qwen2.5-coder-14b-instruct-q4_k_m.gguf"
"cogvlm-13B-chat-v1.1-F16.gguf","0","G:\1\Прежде\KNOWLEDGE_CORE\02_KNOWLEDGE_GRAPH\02_LLM\models\vision\cogvlm\cogvlm-13B-chat-v1.1-F16.gguf"
"llava-llama-3-8b-v1_1-mmproj-f16.gguf","0","G:\1\Прежде\KNOWLEDGE_CORE\02_KNOWLEDGE_GRAPH\02_LLM\models\vision\llava-1.6\llava-llama-3-8b-v1_1-mmproj-f16.gguf"
"llava-llama-3-8b-v1_1-int4.gguf","0","G:\1\Прежде\KNOWLEDGE_CORE\02_KNOWLEDGE_GRAPH\02_LLM\models\vision\llava-llama3\llava-llama-3-8b-v1_1-int4.gguf"
"model_q4_k.gguf","0","G:\1\Прежде\MF-KNOWLEDGE-BRAIN\02_KNOWLEDGE_GRAPH\02_LLM\models\audio\whisper_v3_turbo\model_q4_k.gguf"
"deepseek-coder-v2-lite-instruct-q4_k_m.gguf","0","G:\1\Прежде\MF-KNOWLEDGE-BRAIN\02_KNOWLEDGE_GRAPH\02_LLM\models\coder_llm\deepseek_coder_v2_lite_q4\deepseek-coder-v2-lite-instruct-q4_k_m.gguf"
"deepseek-coder-v2-lite-instruct-q5_k_m.gguf","0","G:\1\Прежде\MF-KNOWLEDGE-BRAIN\02_KNOWLEDGE_GRAPH\02_LLM\models\coder_llm\deepseek_coder_v2_lite_q5\deepseek-coder-v2-lite-instruct-q5_k_m.gguf"
"bge-m3-q8_0.gguf","0","G:\1\Прежде\MF-KNOWLEDGE-BRAIN\02_KNOWLEDGE_GRAPH\02_LLM\models\embeddings\bge-m3\bge-m3-q8_0.gguf"
"Qwen2.5-14B-Instruct-1M-Q4_K_M.gguf","0","G:\1\Прежде\MF-KNOWLEDGE-BRAIN\02_KNOWLEDGE_GRAPH\02_LLM\models\main_llm\qwen2.5-14b\Qwen2.5-14B-Instruct-1M-Q4_K_M.gguf"
"qwen2.5-coder-14b-instruct-q4_k_m.gguf","0","G:\1\Прежде\MF-KNOWLEDGE-BRAIN\02_KNOWLEDGE_GRAPH\02_LLM\models\main_llm\qwen2.5-14b-uncensored\qwen2.5-coder-14b-instruct-q4_k_m.gguf"
"cogvlm-13B-chat-v1.1-F16.gguf","0","G:\1\Прежде\MF-KNOWLEDGE-BRAIN\02_KNOWLEDGE_GRAPH\02_LLM\models\vision\cogvlm\cogvlm-13B-chat-v1.1-F16.gguf"
"llava-llama-3-8b-v1_1-mmproj-f16.gguf","0","G:\1\Прежде\MF-KNOWLEDGE-BRAIN\02_KNOWLEDGE_GRAPH\02_LLM\models\vision\llava-1.6\llava-llama-3-8b-v1_1-mmproj-f16.gguf"
"llava-llama-3-8b-v1_1-int4.gguf","0","G:\1\Прежде\MF-KNOWLEDGE-BRAIN\02_KNOWLEDGE_GRAPH\02_LLM\models\vision\llava-llama3\llava-llama-3-8b-v1_1-int4.gguf"
"qwen2.5-coder-14b-instruct-q4_k_m.gguf","0","G:\1\Прежде\Sokrat\models\coding\qwen2.5-coder-14b-instruct-q4_k_m.gguf"
